"Keyword","Impressions","Clicks","CTR","Avg. Position"
"anef","8692","14","0.16%","7.131610780027612"
"ants permis","1267","4","0.32%","6.507523993685872"
"ants","928","0","0%","6.150883189655172"
"regroupement familial","850","9","1.06%","5.524702235294117"
"ants permis de conduire","561","1","0.18%","7.96969661319073"
"campus france","531","0","0%","6.770224858757063"
"enic naric","502","6","1.2%","5.065750398406374"
"enic naric reconnaissance des diplômes","423","3","0.71%","4.4893565011820336"
"ofpra","388","1","0.26%","5.889176546391753"
"enic-naric","373","3","0.8%","4.584454959785523"
"cra","305","0","0%","4.622947868852458"
"naturalisation","300","0","0%","5.673331666666666"
"anef mon compte","289","0","0%","9.283739792387543"
"formulaire ants permis","257","0","0%","7.984437354085602"
"compte anef","257","0","0%","6.922185603112841"
"demande de naturalisation","243","0","0%","6.683156790123456"
"passeport talent salaire minimum 2026","227","12","5.29%","2.740079735682819"
"permis de conduire ants gouv","218","1","0.46%","7.821128440366973"
"naturalisation française","197","2","1.02%","5.969545177664975"
"permis de conduire ants","173","0","0%","6.843927167630057"
"passeport talent","146","6","4.11%","3.8424582191780816"
"étranger en france","137","0","0%","5.2992708029197075"
"ants permis de conduire en ligne","131","0","0%","8.427416030534351"
"oqtf","114","1","0.88%","5.473668421052632"
"cnda","112","0","0%","5.4643"
"timbre fiscal titre de séjour","65","0","0%","7.323083076923076"
"anef connexion","63","0","0%","8.968244444444442"
"autorisation d'installation en france regroupement familial","61","0","0%","4"
"renouvellement titre de sejour","61","1","1.6400000000000001%","8.754108196721312"
"examen civique","59","4","6.78%","9.339008474576271"
"enic-naric france","58","0","0%","4.6896517241379305"
"eric naric","58","0","0%","5.465506896551724"
"test civique 2026","57","4","7.0200000000000005%","9.368401754385966"
"test civique","53","1","1.8900000000000001%","7.603784905660377"
"études en france","48","0","0%","7.020829166666666"
"nationalité française","47","0","0%","5.978757446808511"
"étude en france","46","0","0%","9.000008695652173"
"anef étranger","43","0","0%","7.6279"
"attestation d'accueil","43","3","6.98%","5.9535"
"anef  créer un compte","43","0","0%","5.27906976744186"
"niveau de langue","41","0","0%","6.999960975609756"
"titre de sejour","35","0","0%","7.285714285714286"
"passeport talent salaire","35","3","8.57%","2.65716"
"demande de nationalité française","35","0","0%","7.942857142857143"
"anef titre de séjour","31","0","0%","7.741941935483871"
"récépissé","28","0","0%","3.9643"
"carte sejour","23","1","4.3500000000000005%","6.478252173913043"
"carte de résident 10 ans","23","3","13.040000000000001%","3.4347913043478258"
"anef titre de sejour","20","0","0%","7.149995"
"renouvellement carte de séjour","20","2","10%","6.799980000000001"
"carte de sejour","19","0","0%","4.842121052631579"
"caf france","19","0","0%","6.368447368421052"
"demande de nationalite francaise","18","0","0%","6.7222"
"delf","18","0","0%","7.0555"
"attestation perte titre de séjour","17","0","0%","7"
"examen civique france 2026","17","0","0%","8.8235"
"anef compte","17","0","0%","7"
"naturalisation francaise","15","0","0%","5.999979999999999"
"ants.gouv.fr permis de conduire","15","0","0%","9.06664"
"changement de statut étudiant salarié","14","0","0%","6.2857"
"carte de séjour","14","0","0%","4.5714"
"regroupement familiale procédure","14","2","14.290000000000001%","5.285714285714286"
"anef accéder à mon compte","14","0","0%","9.7857"
"validation visa","13","0","0%","7.8462"
"nationalite francaise demande","13","0","0%","7.2308"
"enic-naric reconnaissance des diplômes","12","3","25%","4.166666666666667"
"mon compte anef","12","0","0%","9"
"salaire passeport talent 2026","12","0","0%","5.3333"
"ants france","12","0","0%","5.999991666666666"
"eric naric reconnaissance des diplômes","12","0","0%","4.1667"
"b2","11","0","0%","5.1818"
"ameli étranger","11","0","0%","8.363627272727273"
"achat timbre fiscal","11","0","0%","9.7273"
"demande nationalité française","11","0","0%","9.1818"
"dossier naturalisation française","11","0","0%","6.181799999999999"
"mon compte anef étranger","11","0","0%","9.3636"
"droit du sol","11","0","0%","8.4545"
"regroupement familial france","10","0","0%","5.4"
"titre de séjour","10","0","0%","5.3"
"les symboles de la france","9","0","0%","6.666666666666667"
"titre de sejour renouvellement","9","2","22.22%","7.5556"
"examen civique blanc","9","2","22.22%","7.222199999999999"
"anef renouvellement titre de séjour","8","1","12.5%","8.125"
"carte de resident 10 ans","8","0","0%","4.375025"
"enic naric france","8","1","12.5%","4.625"
"etude en france","8","0","0%","7.625"
"equivalence diplome","8","1","12.5%","4.5000125"
"titre de sejour france","8","1","12.5%","4.7500124999999995"
"passeport talent france","8","2","25%","4.125"
"passport talent france","7","2","28.57%","3.2857142857142856"
"test civique inscription","7","3","42.86%","5.142857142857143"
"carte de sejour temporaire","6","0","0%","6"
"vls","6","0","0%","6.1667"
"ants gouv demande de permis","6","0","0%","7.16665"
"enic naric equivalence de diplome","6","0","0%","5.5"
"titre de séjour étranger","6","0","0%","8.6667"
"nationalite francaise par mariage","5","0","0%","5.4"
"naric","5","0","0%","8"
"naturalisation france","5","0","0%","6.2"
"nationalite francaise","5","0","0%","7.2"
"anef france","5","0","0%","5.99998"
"art 8 cedh","5","0","0%","9.6"
"études en france italie campus france","5","0","0%","5.6"
"test civique france","5","2","40%","7.800020000000001"
"niveau langue","5","0","0%","8"
"géographie de la france","4","2","50%","3"
"le regroupement familial","4","0","0%","3.500025"
"apl caf","4","0","0%","9.25"
"nouvelle circulaire avril 2026: accélération naturalisatioons maroc, algérie, tunisie - impact test civique","4","2","50%","4.5"
"tcf validité","4","0","0%","4"
"visa necessaire si j'ai carte de sejour","4","1","25%","4"
"carte de sejour pluriannuelle","4","0","0%","4.75"
"reconnaissance de diplôme étranger en france","4","2","50%","3.75"
"taxe de sejour","4","0","0%","7.5"
"centre de retention administrative","4","1","25%","4.5"
"france echnge permis etranger delai","4","1","25%","9"
"visa etudiant france","4","0","0%","7.5"
"tess ofii 2026","4","0","0%","2"
"regrupemo familiale  offi","4","3","75%","2.75"
"déclaration impôts étrangers en france","4","0","0%","3.25"
"cnda result 16 march 2026","4","2","50%","2"
"anef6","4","1","25%","14"
"passeport talent conditions","4","0","0%","5.75"
"circulation récépissé de titre de séjour","3","0","0%","3"
"formulaire changement de status étudiant vers salarié","3","1","33.33%","7"
"titre de séjour les tarifs","3","1","33.33%","3"
"changement de statut étudiant salarié au smic","3","1","33.33%","3"
"equivalence diplome maroc en france","3","0","0%","3"
"etranger en france ameli","3","0","0%","6"
"test civique france accueil 2026 400 questions","3","1","33.33%","1"
"renouvellement titre de sejour anef","3","0","0%","8.3333"
"examen civique inscription","3","0","0%","7"
"titre de séjour en france+ guide 2026","3","3","100%","4.3333"
"condition pour naturalisation en france 2 ans","3","2","66.67%","4"
"regroupement familial en france","3","0","0%","4.6667"
"taxe de séjour 2026","3","0","0%","2.6667"
"dossier préfecture","3","0","0%","5.6667"
"niveau de francais","3","0","0%","8"
"étudiant en france","3","0","0%","8.6667"
"créer mon compte anef étranger","3","1","33.33%","4.6667"
"impôts pour les résidents étrangers","3","0","0%","4.3333"
"timbre fiscal de 225 euros","3","1","33.33%","5"
"prix premier titre de séjour","3","2","66.67%","4"
"comment declarer une periode non resident et ensuite une periode resident fiscal francais sur declaration 2026","3","0","0%","7"
"ouvrir un auto entrepreneur","3","0","0%","10"
"dossier de regroupement familial ofii","3","2","66.67%","7.3333"
"visa de regroupement familial","3","0","0%","8"
"centre examen civique","3","0","0%","7.6667"
"naric france","3","0","0%","4.333333333333333"
"comment déclarer mes impôts en france si je travaille en belgique","2","0","0%","9"
"receipisse de demande de carte de sejour","2","1","50%","4"
"centres d’examen civique belfort","2","1","50%","5"
"la possibilité que notre fils puisse aussi avoir la nationalité française.","2","0","0%","8"
"si j'ai un titre de sejour francaise est ceque je peux faire un stage en guadeloupe pays france","2","0","0%","5.5"
"changement de statut étudiant à salarié 2026","2","0","0%","2"
"france régularisation massive 2026","2","1","50%","4.5"
"exmeption impot france resident a l'etranger","2","0","0%","6"
"dossier de regroupement familial 2026","2","2","100%","2.5"
"recepissé droits","2","1","50%","3"
"passeport francais pays sans visa","2","0","0%","7.5"
"caf personne etranger peut prendre ?2026","2","0","0%","2"
"demande de naturalisation le temps de validité","2","1","50%","2"
"prix titre de sejour france augmentation","2","0","0%","4"
"le test civique.fr","2","1","50%","5.5"
"niveau de français b1","2","0","0%","4"
"combien coute le test civique naturalisation","2","1","50%","1"
"declaration impots calendrier 2026 pour les non residents","2","0","0%","8"
"peut il payer pour la carte de résidence venant du regroupement familial en irene","2","0","0%","4.5"
"tous savoir sur renouvellement titre de séjour 2026 france","2","2","100%","1"
"sous-préfecture de valenciennes demande carte de résident","2","1","50%","6.5"
"entretien assimilation naturalisation","2","0","0%","7"
"guide 2026 relatif au fonctionnement des services " séjour" ministere de l interieur","2","2","100%","3"
"circulaire avril 2026","2","1","50%","2"
"titre de voyage visa free","2","0","0%","6"
"quiz gratuit examen civique 2026","2","1","50%","10"
"qui doit payer l'augmentation du timbre carte de séjour frefecture","2","1","50%","6"
"combien du temps pour renouveler un récépissé","2","1","50%","4"
"formulaire carte resident de 10 ans à la sous-préfecture de valenciennes","2","1","50%","5.5"
"echange de permis de conduire etranger","2","0","0%","4"
"test b1 nationalité française","2","0","0%","9"
"reconnaissance du diplôme","2","0","0%","3"
"anef france carte séjour francais","2","1","50%","3"
"date de declaration impot 2026 des non residents","2","0","0%","9.5"
"ce qui change au 1 mai 2026","2","1","50%","4"
"circlaire du 5 avril 2026 etranger","2","2","100%","3"
"impots ma femme étrangère","2","1","50%","6"
"traduction du diplôme ou équivalence enic-naric什么意思","2","0","0%","6"
"comment préparer l entretien adiut france","2","1","50%","2"
"vls-ts étudiant visa","2","0","0%","6"
"famille accompagnante ict vs passeport talent","2","0","0%","8"
"echeance presentation declaration impots residente etrangers","2","0","0%","5"
"timbres fiscales achetés avant le 01 mai 2026","2","2","100%","3"
"circulaire 5 avril 2026 ministre interieur immigration nunez","2","1","50%","6"
"attestation de comparabilité des diplômes étrangers, le cas échéant","2","0","0%","6.5"
"changer son permis de conduire uk en france","2","0","0%","8"
"les anomalies des lois sur la nationalite","2","0","0%","6.5"
"passeport talent « salarié qualifié demande nanterre","2","0","0%","4"
"examen civique en saint etienne","2","0","0%","5"
"carte de sejour temporaire vs pluriannele","2","1","50%","4"
"que sont les oqtf","2","0","0%","10"
"test civique 2026 naturalsation gratuit","2","1","50%","6"
"nationalite francaise par mariage 2026","2","1","50%","2"
"se marier en france avec un anglais","2","0","0%","4"
"qu'elle question peuvent etre possé lors d'une convocation pour la naturalisation francaise a la prefecture","2","2","100%","1"
"créer compte anef","2","0","0%","6"
"demander carte de sejour","2","0","0%","3"
"c'est quoi un entretient d'assimilation est ce qu'il y a un un livre","2","1","50%","9"
"registre attestation accueil","2","0","0%","6"
"enic naric validation diplome","2","0","0%","4"
"echange de permism de conduire etranger en france + demander exception","2","0","0%","3"
"oqtf c'est quoi","2","0","0%","5"
"seuil applicable du passeport talent en france en 2026","2","0","0%","1"
"prix des taxes de séjour sete 2026","2","0","0%","7"
"ants demande chamger le permi","2","0","0%","5.5"
"carte sejour france","2","0","0%","7.5"
"récépissé france-visas","2","0","0%","4"
"reconnaissance de diplôme enic naric","2","1","50%","4"
"quand faire la declaration de revenus  pour les francais de l'etranger en 2026","2","0","0%","3"
"10ans resident en frances","2","0","0%","2.5"
"validation de visa","2","0","0%","5"
"date ouverture declaration impot non resident france","2","0","0%","4.5"
"qui peut faire un regroupement familial avec 2 enfent smic","2","1","50%","4"
"rendez vous test civique pour carte de residence","2","0","0%","9"
"impots etranger france","2","0","0%","8"
"etranger en france","2","0","0%","7"
"créer un compte anef gratuit","2","0","0%","2"
"test nationalite francaise","2","0","0%","7"
"declaration des impôts 2026 français résidents de l´étranger","2","0","0%","3"
"test niveau de français gratuit","2","2","100%","12.5"
"géographie française","2","0","0%","2"
"que se passe la cession du document de complétude pour la naturalisation française","2","2","100%","2"
"premier declaration d'impot étranger","2","0","0%","4"
"campagne declaration impots revenus non resident france","2","0","0%","6"
"date limite declaration impots francais de l'etranger"?","2","0","0%","4"
"test civique gratuit","2","0","0%","6"
"déclaration impôts étrangers 2026","2","1","50%","5.5"
"declaration en ligne impots revenu 2026 non residents","2","0","0%","10"
"anef creer un compte","1","0","0%","4"
"delai convocation cnda","1","0","0%","4"
"nationalite francaise par naturalisation","1","0","0%","6"
"etudier en france 2026","1","0","0%","2"
"nationalité suisso marocaine","1","1","100%","5"
"situation de séjour avec un récépissé qui expire le 20 avril","1","0","0%","4"
"regroupement familial conditions de revenu","1","2","200%","3"
"doit on faire les impôts en france quand on est étranger","1","0","0%","3"
"mariage avec titre de séjour avec un entrager.","1","0","0%","2"
"demand nationalité par mariage test for culturell","1","0","0%","3"
"examen blanc de examen civique","1","0","0%","5"
"pour decaler des impôts pour étrangers besoin quia?","1","1","100%","3"
"declaration impots des non residents 2026 quelle date","1","0","0%","6"
"declaration impots non residents 2026","1","0","0%","6"
"combien de mois en france pour un étranger pour déclaratio d'impot","1","2","200%","1"
"résident fiscal francais depart a etranger declaration des comptes","1","0","0%","8"
"date declaration revenus 2026 etranger","1","0","0%","4"
"passport talent memebre de famille passport talent","1","0","0%","6"
"niveau minimum francais visa","1","1","100%","2"
"ou faire un examen civique en france","1","0","0%","6"
"les résident français l'étranger déclaration impôt","1","0","0%","4"
"vous êtes en france depuis six mois dans le cadre d’une mission. la caserne où vous êtes déployé(e) a un compte instagram pour publier un peu de ce qui s’y passe. la cellule communication vous demande d’écrire un petit texte sur votre expérience auprès de l’armée de terre française. votre texte sera publié avec quelques photos pour illustrer l’amitié franco-brésilienne.      activité : imaginez que vous avez les photos en main et écrivez une légende pour les accompagner. parlez de :      - vos impressions sur la france ;      - une différence culturelle entre le brésil et la france ;      - votre adaptation à une nouvelle caserne et une nouvelle réalité ;      - une situation qui a été remarquable pour vous.","1","0","0%","4"
"echange permis de conduire etranger en france","1","0","0%","4"
"nouvelle circulaire immigration 7 avril 2026","1","1","100%","3"
"cout examen civique naturalisation","1","0","0%","5"
"cra france","1","0","0%","4"
"pour demander la nationalite francaise quel niveau faut il obtenir au tef irn","1","0","0%","9"
"attestation d'accueil validation mairie vraiment necessaire","1","0","0%","8"
"centre examen civique sur nimes 30","1","1","100%","6"
"circulaire 1 avril 2026","1","1","100%","1"
"rechte einer carte de sejour pluriannuelle","1","0","0%","3"
"vls visa","1","0","0%","8"
"visa france pour étudier campus france","1","0","0%","6"
"dates impots france residents etrangers","1","0","0%","4"
"demande hébergement étranger en france","1","0","0%","7"
"anef document demande pour renouvellement de titre de dsejour ou quoi faire apres la visa etudianate","1","0","0%","7"
"renouvellement de carte de sejour temporaire et examen d education civique","1","0","0%","5"
"frais renouvellement","1","0","0%","2"
"ants demande d'échange permis etranger","1","1","100%","3"
"condition passeport talent","1","0","0%","4"
"visa etudiant","1","0","0%","6"
"s’affilier à l’assurance maladie","1","0","0%","5"
"impot 2047 + 2042","1","0","0%","6"
"pourquoi l'espagne s'en sort","1","0","0%","2"
"reconnaissance diplome canadien enseignement en france","1","0","0%","5"
"délai de traitement en moyenne prefecture de nanterre","1","1","100%","9"
"c'est qoi posseder des enfants du","1","0","0%","1"
"avec une carte de séjour française que faut-il pour retrouver dans mon pays l'algérie","1","1","100%","4"
"visa étudiant pour la france","1","0","0%","6"
"critère pour changé statut étudiant en salairé 2026","1","1","100%","1"
"test civique etranger 2026","1","2","200%","5"
"comment changer mon permis de conduire en france","1","0","0%","8"
"enic-naric reconnaissance des diplomes","1","1","100%","4"
"éducation civique test les institutions françaises","1","2","200%","4"
"soumettre une demande pour un nouveau e-def","1","0","0%","7"
"premiere déclaration d'impots en france pour un expatrie","1","0","0%","3"
"est ce que ma copine americaine peu vivre avec moi en france","1","1","100%","1"
"formulaire 2038 rwsident france","1","1","100%","2"
"carte sejour diplome a1","1","1","100%","5"
"documents requis entrlong séjour: regroupement familial avec citoyen de l’union européenne (conjoint, parent à chargeée  italy express","1","0","0%","9"
"examen blanc sur le test civique","1","1","100%","1"
"est-ce nécessaire de déclarer impots en france venant de l'étranger","1","0","0%","9"
"récépissé titre de séjour","1","0","0%","3"
"les frqncqisd de l'etrznger declaration oimpot","1","0","0%","2"
"combien de temps apres intension de refus 2026 france en espagne que","1","0","0%","3"
"combien de temps apres intension de refus 2026 france","1","0","0%","1"
"comment faire sa déclaration d'impôts en france","1","0","0%","8"
"seuil d'imposition 2026 france stagiaire","1","0","0%","3"
"date declaration impot en france pour expatrie en.2026","1","0","0%","5"
""tomiya summit garment company limited" "cong ty tnhh eno interlining viet nam" parent subsidiary ownership affiliate","1","0","0%","9"
"la durée de travail avec un récepissé de renouvelement de titre de séjour ?","1","2","200%","1"
"nouvelle circulaire immigratiobn 2026 france","1","2","200%","1"
"ouvrir un compte bancaire en france quand on vit en espagne","1","0","0%","1"
"apl pour les étrangers en france","1","0","0%","6"
"je recois 30,000 euros de l'etranger comment faire pour les impots","1","0","0%","5"
"informations générales sur l'examen civique","1","0","0%","3"
"niveau du francais","1","0","0%","8"
"2026 carte residence timbre fiscal combien","1","1","100%","1"
"quel formuliare des impots remplir quand tu es residant a l'etranger","1","0","0%","4"
"passeport tapent seuil","1","0","0%","2"
"2026 date de declaration d'impots pour les francais residant a l'etranger","1","0","0%","3"
"alors que vous étiez soumis à une obligation de départ exécutoire, qu'un délai de départ ne vous avait pas été accordé ou que ce délai avait expiré, votre expulsion n'étant pas suspendue,","1","0","0%","3"
"taxes sur les titres de séjour en france","1","1","100%","2"
"passeport talent france condition","1","1","100%","2"
"ants etranger en france","1","0","0%","5"
"reconaissamce diplome professionel","1","0","0%","9"
"payer des impots en france et trvailler a létranger","1","0","0%","7"
"france recuperer permis de conduire echange americas espagne 2025 2026","1","0","0%","4"
"a durée maximale de rétention administrative des étrangers en situation irrégulière est portée desetats unis","1","0","0%","5"
"livret de famille nationalité enfant étranger","1","0","0%","4"
"impôt sur le revenu 2026 resident etranger","1","0","0%","2"
"962 heures de travail pour etranger","1","0","0%","2"
"taxes de séjour 2026","1","1","100%","2"
"quel est l'un des devoirs principaux d'un citoyen français ? civique","1","0","0%","8"
"est ce qu'il y a une équivalence à l'oqtf dans d'autres pays","1","0","0%","1"
"français à l'étranger impots date limite","1","0","0%","7"
"esce que je paye des iimpot en france si je suis a etranger","1","0","0%","4"
"level a2 pour devenir un citizen","1","1","100%","1"
"comment peux t`on utiliser le diplôme de bac international pour l`universite francaise","1","0","0%","4"
"un residant de londre peut entrer en suisse sans visa ?","1","0","0%","5"
"circulation schengen titre de sejour","1","1","100%","3"
"les apl en france","1","0","0%","8"
"formulaire impot declaration revenu etranger","1","0","0%","4"
"declaration impots 2026 dates etranger","1","0","0%","4"
"comment savoir si je suis resident francais pour impots","1","0","0%","5"
"cout examen civique naturalisation centre france education international paris etoile","1","0","0%","5"
"ants échange permis étranger","1","0","0%","4"
"qu'est ce que le cirr","1","0","0%","8"
"entrnace schengen carte de sejour plurinnuelle","1","0","0%","5"
"document a remplir pour les non resident","1","1","100%","5"
"permis travailleur en france","1","1","100%","3"
"renouvellement carte résident 10 ans niveau de français","1","0","0%","9"
"combien de temps apres intension de refus 2026 france en espagne que de","1","0","0%","3"
"parcours naturalisation francaise","1","0","0%","6"
"déclaration de deux doutes","1","0","0%","4"
"attestation d’acceuil","1","0","0%","7"
"test-civique .fr/inscription","1","0","0%","4"
"lettre pour acceuillir une personne en france","1","0","0%","4"
"le lycée est obligatoire?","1","0","0%","8"
"espagnols travillent en france frontière","1","1","100%","3"
"ofii regroupement familial decision favorable combien de temps demander le visa","1","0","0%","11"
"anef site changement statut salarié","1","1","100%","3"
"reconnaissance diplôme étranger osteopathie monaco","1","0","0%","7"
"rediger une problematique sur la crise du carburant","1","1","100%","3"
"impots pour russe avec titre de sejour visiteur en france comment","1","1","100%","4"
"guide des différents titres de séjour en france","1","5","500%","3"
"campus france (etudes en france)","1","0","0%","8"
"combien de récépissé de prolongation carte de séjour pouvez vous renouveler bas rhin","1","0","0%","5"
"c'est quoi en guda france","1","0","0%","6"
"date declaration française pour les non resident 2026","1","0","0%","5"
"declaration medecin traitant en france","1","0","0%","4"
"ou faire un examen civique pour nationalité en france","1","0","0%","5"
"comment faire les impots comme un etranger resident em france","1","1","100%","2"
"demande de reconnaissance d'equivalence des diplomes aupres de naric","1","0","0%","4"
"xcompte etranger","1","0","0%","9"
"comment s’integrer a la vie etudiante en france si on est étudiant international?","1","0","0%","10"
"retour france aide qui développe,et","1","0","0%","1"
"www.autoentrepreneur.urssaf.fr depuis l'etranger","1","0","0%","7"
"aide au retour volontaire montreal","1","0","0%","6"
"j'ai une carte de sejour en france, puis je retourner de l'angleterre sans visa","1","0","0%","10"
"declaration revenus 2026 etranger","1","0","0%","4"
"tarif resident canarien pour la france","1","0","0%","3"
"impots non resident france 2026 date limite","1","0","0%","9"
"college pour enfant qui parle pas francas","1","1","100%","10"
"impots france pour residents a letranger","1","0","0%","5"
"première connexion anef","1","2","200%","4"
"je peux changer mon permis de conduire qataris en france","1","1","100%","4"
"demande d'accès à la nationalité française médecin","1","1","100%","1"
"indeminsation impot paye a l etranger pour declaration france","1","0","0%","5"
"changement de permis de conduire etranger","1","0","0%","8"
"ants change permi","1","1","100%","4"
"date limite declaration impots non resident","1","0","0%","9"
"civi plus geographie de la france","1","0","0%","6"
"france visa attestation d'acceuil","1","0","0%","8"
"faire demande de recipissé recipisse carte de séjour","1","0","0%","7"
"que ed joinsont les oqtf","1","0","0%","5"
"créer un compte anef gratuit en","1","0","0%","3"
"mariage avec titre de séjour avec un étranger.","1","0","0%","2"
"non résident en france qui a les 166 trimestres de travail en france a t il droit à la sécurité sociale en france","1","1","100%","3"
"ce n'est pas le cas de l'espagne","1","0","0%","5"
"anef document demande pour renouvellement de titre de séjour ou quoi faire apres la visa etudiante","1","0","0%","8"
"un étranger doit-il remplir 2042 en france","1","1","100%","5"
"l’anef étudiant","1","0","0%","7"
"niveau de 2026","1","0","0%","3"
"la minute quizz test cicique","1","2","200%","2"
"quelles sont les document recuise pour change sont permit de conduire au etat civil","1","0","0%","8"
"j'ai une carte de sejour de 10 ans et je pars vivre a l'etranger","1","0","0%","3"
"declaration des revenus pour  residents all etrangere est elle obbligatoire","1","0","0%","8"
"délai d'obtention d'un récépissé titre de séjour vie privée","1","0","0%","3"
"titre séjour expiré récit directions","1","0","0%","4"
"comment remplir impot a l etranger  formulaire 2041","1","0","0%","6"
"demande de carte de resident de 10 ans","1","0","0%","9"
"questions posées à la préfecture","1","0","0%","7"
"visa pour regroupement familial","1","0","0%","5"
"passer une epreuve francaise","1","0","0%","6"
"formulaire impots etranger","1","0","0%","4"
"quels sont les documents a produir pour la reconnaissance d'une ecole infirmieres","1","1","100%","2"
"conditions pour un regroupement familial","1","0","0%","3"
"carte de sejour france","1","0","0%","9"
"inscription compte anef","1","1","100%","3"
"caf allocation pour des etrangers","1","0","0%","3"
"un étranger avec titre de séjour a le droit pour rsa?","1","0","0%","3"
"tef tcf 2026","1","0","0%","9"
"validité du diplôme dalf","1","2","200%","10"
"la police francaise a t elle le droit de me confisque mon permis epanol","1","1","100%","2"
"declaration de revenu etranger","1","0","0%","4"
"taxe de sejour paris 2026","1","0","0%","4"
"demande d'une carte de resident de 10 ans","1","0","0%","4"
"date de declaration impot francais pour expatrie","1","0","0%","5"
"exigences b1 delf","1","0","0%","7"
"test civique resultats","1","2","200%","3"
"date limite declaration impot pour non resident","1","0","0%","4"
"taxe de séjour paris tarif","1","0","0%","5"
"b1 quelle carte de sejour","1","1","100%","3"
"quand je dois envoyer ma declaration d impots francais de l etranger","1","1","100%","3"
"resultat test civique","1","0","0%","4"
"pourquoi la préfecture ne répond pas","1","0","0%","2"
"quel est l'un des devoirs principaux d'un citoyen français ?","1","0","0%","6"
"visa etudiant pour la france","1","0","0%","1"
"a quel moment intervient lacceptation de la demandede naturalisation","1","0","0%","7"
"déclaration d'ompôts france résidants étrangers","1","0","0%","5"
"pour etre avocat en france   je peut terminer mes etude au quebec puis continuer en france","1","0","0%","4"
"declaration impots france non resident","1","0","0%","7"
"etudes en france","1","0","0%","8"
"civique test","1","0","0%","7"
"impot sur le revenu france francais etranger dates","1","1","100%","2"
"fiscalité français residents revenus etranger","1","0","0%","8"
"conditions pour etre refugie en france","1","0","0%","7"
"caution campus france en 2026 en","1","0","0%","1"
"déclaration d'impots 2026 à bordeaux étudiant etranger sans revenu","1","1","100%","6"
"comment faire sa declaration d'impot avec 1 période non résident fiscal en france et ensuite résident fiscal en france ?","1","0","0%","4"
"echanger permis etranger france","1","0","0%","3"
"du permis en france","1","0","0%","4"
"première déclaration impôt compte etranger","1","0","0%","5"
"martinique se marie avec conjoint étranger","1","1","100%","7"
"declaration ompot francais resident etranger","1","1","100%","4"
"peut il payer pour la carte de résidence venant du regroupement familial","1","0","0%","3"
"reconaissance de diplome temps d'attente france","1","0","0%","3"
"visa apres acceptation de campus france","1","0","0%","7"
"pieces à fournir pour un regroupement familial en france","1","0","0%","8"
"allocation de logement caf etranger","1","1","100%","4"
"ressources pour se préparer aux diplômes delf et dalf (france-education-international.fr)","1","0","0%","10"
"revenus pour regroupement familial","1","1","100%","3"
"imposition des français de l'étranger","1","0","0%","7"
"test delf 10 ans","1","2","200%","7"
"test anti hallucination les élections municipales 2026 en france","1","0","0%","6"
"declare des envois d'argent dimunie il les impots","1","1","100%","5"
"en tant qu'étudiante marocaine ayant un titre de séjour français est ce que je peux visiter l'irlande sans visa irlanadais?","1","0","0%","9"
"comparaison diplome francais equivalent","1","0","0%","7"
"enic-naric france reconnaissance des diplomes","1","0","0%","4"
"renouvellement titre de sejour anef probleme etat civil","1","0","0%","7"
"declaration impot formulaire source etrqngere","1","0","0%","4"
"les difference entre b1 et b2 en fraincais","1","0","0%","6"
"inscription dans une ecole francais","1","1","100%","2"
"les resident frzncais  l'etrznger declaration oimpot","1","0","0%","4"
"declaration de non resident 2026","1","1","100%","4"
"carte resident","1","0","0%","5"
"test blanc","1","0","0%","10"
"france impots disponible","1","0","0%","5"
"passeport talent salariés en mission pour une organisation internationale france requirements","1","0","0%","9"
"france travail chomeur","1","0","0%","7"
"b2 langue","1","1","100%","6"
"comment faire une demande de regroupement familial","1","0","0%","6"
"quelqu'un qui a la double nationalité française américaine et qui vient en france doit-il déclarer ses taxes aux états-unis même s'il travaille pas aux états-unis","1","1","100%","3"
"formulaire 2047 impots 2026","1","0","0%","7"
"visa etudiant france campus","1","0","0%","7"
"tax sejour","1","0","0%","4"
"combien coûte un timbre pour un titre de séjour ? même","1","0","0%","6"
"les valeurs de la france","1","0","0%","7"
"quelles sont les  pays deurope sans visa","1","0","0%","8"
"impot sur le revenu france resident a l etranger","1","0","0%","8"
"a quel niveau","1","0","0%","7"
"résident fiscal français quand est-ce qu'il peut déclrer un don","1","1","100%","3"
"equivalence déplome ministére de l'interieur","1","0","0%","4"
"france carte de sejour pluriannuelle","1","0","0%","4"
"oue os rsa  ea il ltun","1","0","0%","8"
"demande nationalite francaise","1","0","0%","6"
"inscription au permis de conduire ants","1","0","0%","9"
"quelles sont les document recuise pour change sont permit de conduire","1","0","0%","6"
"le coq, l'hymne,la marianne,la divise et le draupeu","1","0","0%","1"
"titre sejour","1","0","0%","5"
"obtenir un avis d'imposition sur le revenu tunisien","1","0","0%","17"
"sécurité sociale ma carte vitale","1","1","100%","5"
"la loi immigration en france 2026","1","0","0%","7"
"pénurie essence france 2026","1","0","0%","10"
"taxe de séjour 16 ans à payer","1","0","0%","9"
"vous préparez un diplôme master ou équivalent (>4 ans) reconnu rncp à l’université avec une spécialisation miage.","1","0","0%","3"
"quels papiers pour se marier en france pour etrangers","1","0","0%","5"
"reagrupament familier france","1","0","0%","3"
"reconnaissance en france du diplome maitrise ingénieure génie civil option génie de l'environnement","1","0","0%","5"
"cecrl niveau francais","1","0","0%","10"
"nauturalisation france","1","0","0%","4"
"equivalence diplome etranger","1","0","0%","6"
"récépissé de titre de séjour français","1","0","0%","2"
"declaration impot français resident à l'étranger date","1","0","0%","7"
"renouvellement carte de sejour france","1","1","100%","8"
"déclaration des impôts étudiants étrangers en france","1","0","0%","6"
"statistiques passeport talent","1","0","0%","3"
"liberté égalité fraternité république française","1","1","100%","6"
"caf en france","1","0","0%","6"
"demande de carte d'identité naturalisé","1","0","0%","10"
"delf france education delf","1","0","0%","6"
"impots france date limite 2026 expatries","1","0","0%","8"
"formulaire 2042 impots gouv","1","1","100%","6"
"registre de mariag efrance 2026","1","0","0%","3"
"passport talent 2026","1","0","0%","3"
"niveau de langue pour naturalisation francaise","1","0","0%","8"
"liberté, égalité, fraternité, laïcité","1","0","0%","7"
"documents pour se marier avec un americain en france","1","0","0%","6"
"declaration is en france","1","0","0%","3"
"valeurs de libertés","1","0","0%","3"
"enic naric equivalence france","1","0","0%","4"
"visa de talent en france","1","1","100%","4"
"nationalité mariage france","1","0","0%","3"
"fiscal 2026 budget bill traduction francais","1","0","0%","9"
"regroupement familial conditions revenus","1","0","0%","1"
"titre de séjour france renouvellement","1","0","0%","6"
"reconnaissance de diplome belgique-france","1","1","100%","5"
"changement de statut étudiant étranger salaire","1","0","0%","6"
"existe t il des aides pour venir en france travailler a partir de la nouvelle-calédonie","1","0","0%","4"
"examen civique normandie","1","0","0%","4"
"accord parental de l etranger en farnce","1","0","0%","3"
"faut-il avoir 3 mois sur le territoire pour déclarer les impots pour un demandeur d'asile","1","2","200%","4"
"comment expliquer a des etrangers comment épeler","1","0","0%","2"
"delais traitement naturalisation francaie","1","1","100%","4"
"déclaration des revenus des non-résidents francais 2026","1","0","0%","9"
"office des etrangers regroupement familial france","1","0","0%","5"
"declaration des impôts 2026 français de l´étranger","1","0","0%","3"
"niveau a2 francais  pour titre de sejour fr","1","1","100%","3"
"retraite aspa conditions pour étrangers","1","1","100%","2"
"condition du regroupement familial","1","0","0%","3"
"carte vitale france","1","0","0%","9"
"diplôme d’études en langue française delf a1 tout public","1","0","0%","10"
"carte ameli","1","0","0%","6"
